ID_Produto,ID_loja,ID_vendedor,Data_venda
SKU-0000001,SP8821,1009,2012-10-04
SKU-0000002,SP8821,1006,2012-01-01
SKU-0000003,SP8821,1006,2012-02-02
SKU-0000004,SP8821,1003,2012-03-03
SKU-0000005,SP8821,1004,2012-04-04
SKU-0000006,SP8821,1005,2012-05-04
SKU-0000007,SP8821,1006,2012-06-04
SKU-0000008,A9990,1007,2012-07-04
SKU-0000009,SP8821,1003,2012-08-04
SKU-0000010,SP8821,1002,2012-09-04
SKU-0000011,SP8821,1009,2012-09-04
SKU-0000012,A9990,1006,2012-11-04
SKU-0000013,SP8821,1006,2012-11-04
SKU-0000014,SP8821,1003,2012-12-04
SKU-0000015,SP8821,1004,2012-12-04
SKU-0000016,A9990,1005,2013-01-02
SKU-0000017,SP8821,1006,2013-02-02
SKU-0000018,SP8821,1007,2013-03-02
SKU-0000019,SP8821,1003,2013-04-02
SKU-0000020,SP8821,1002,2013-05-02
SKU-0000021,SP8821,1009,2013-06-02
SKU-0000022,SP8821,1006,2013-07-02
SKU-0000023,SP8821,1006,2013-08-02
SKU-0000024,SP8821,1003,2013-09-02
SKU-0000025,SP8821,1004,2013-10-02
SKU-0000026,SP8821,1005,2013-11-02
SKU-0000027,SP8821,1006,2013-12-02
SKU-0000028,SP8821,1007,2013-01-02
SKU-0000029,SP8821,1003,2013-02-02
SKU-0000030,SP8821,1002,2013-03-02
SKU-0000031,SP8821,1001,2013-04-02
SKU-0000032,SP8821,1001,2013-05-02
SKU-0000033,SP8823,1001,2013-06-02
SKU-0000034,SP8823,1002,2013-07-02
SKU-0000035,SP8823,1003,2013-08-02
SKU-0000036,SP8823,1004,2013-09-02
SKU-0000037,SP8823,1005,2013-10-02
SKU-0000038,SP8823,1006,2013-11-02
SKU-0000039,SP8823,1007,2013-12-02
SKU-0000040,R1296,1008,2012-01-01
SKU-0000041,R1296,1009,2012-02-01
SKU-0000042,V7654,1001,2012-03-01
SKU-0000043,A9990,1001,2012-04-01
SKU-0000044,SP8823,1002,2012-05-01
SKU-0000045,SP8823,1003,2012-06-01
SKU-0000046,SP8823,1004,2012-07-01
SKU-0000047,SP8823,1005,2012-08-01
SKU-0000048,R1296,1006,2012-09-01
SKU-0000049,V7654,1007,2012-10-01
SKU-0000050,SP8823,1008,2012-11-01
SKU-0000051,SP8823,1009,2012-12-01
SKU-0000052,SP8823,1006,2013-01-02
SKU-0000053,SP8823,1006,2013-02-02
SKU-0000054,SP8823,1003,2013-03-02
SKU-0000055,SP8823,1004,2013-04-02
SKU-0000056,SP8823,1005,2013-05-02
SKU-0000057,V7654,1006,2013-06-02
SKU-0000058,R1296,1007,2013-07-02
SKU-0000059,SP8823,1003,2013-08-02
SKU-0000060,A9990,1002,2013-09-02
SKU-0000061,SP8823,1009,2013-10-02
SKU-0000062,SP8823,1006,2013-11-02
SKU-0000063,SP8823,1006,2013-12-02
SKU-0000064,SP8823,1003,2012-01-01
SKU-0000065,SP8823,1004,2012-02-01
SKU-0000066,SP8823,1005,2012-03-01
SKU-0000067,SP8823,1006,2012-04-01
SKU-0000068,SP8823,1007,2012-05-01
SKU-0000069,SP8823,1003,2012-06-01
SKU-0000070,SP8823,1002,2012-07-01
SKU-0000071,V7654,1009,2012-08-01
SKU-0000072,R1296,1006,2012-09-01
SKU-0000073,A9990,1006,2012-10-01
SKU-0000074,SP8823,1003,2012-11-01
SKU-0000075,SP8823,1004,2012-12-01
SKU-0000076,SP8823,1005,2013-01-02
SKU-0000077,SP8823,1006,2013-02-02
SKU-0000078,SP8823,1007,2013-03-02
SKU-0000079,A9990,1003,2013-04-02
SKU-0000080,SP8823,1002,2013-05-02
SKU-0000081,R1296,1001,2013-06-02
SKU-0000082,SP8823,1001,2013-07-02
SKU-0000083,SP8823,1001,2013-08-02
SKU-0000084,A9990,1009,2013-09-02
SKU-0000085,SP8823,1006,2013-10-02
SKU-0000086,SP8823,1006,2013-11-02
SKU-0000087,SP8823,1003,2013-12-02
SKU-0000088,P0761,1004,2013-01-02
SKU-0000089,SA7761,1005,2013-02-02
SKU-0000090,P0761,1006,2013-03-02
SKU-0000091,SA7761,1007,2013-04-02
SKU-0000092,V7654,1003,2013-05-02
SKU-0000093,R1296,1002,2013-06-02
SKU-0000094,SP8823,1009,2013-07-02
SKU-0000095,A9990,1006,2013-08-02
SKU-0000096,SP8823,1006,2013-09-02
SKU-0000097,R1296,1003,2013-10-02
SKU-0000098,SP8823,1004,2013-11-02
SKU-0000099,SP8823,1005,2013-12-02
SKU-0000100,SP8823,1006,2013-01-02
SKU-0000101,SP8823,1007,2013-02-02
SKU-0000102,SP8823,1003,2013-03-02
SKU-0000103,SP8823,1002,2013-04-02
SKU-0000104,SP8822,1009,2013-05-02
SKU-0000105,SP8822,1006,2013-06-02
SKU-0000106,SP8822,1006,2013-07-02
SKU-0000107,SP8822,1003,2013-08-02
SKU-0000108,SP8822,1004,2013-09-02
SKU-0000109,SP8822,1005,2013-10-02
SKU-0000110,SP8822,1006,2013-11-02
SKU-0000111,SP8822,1007,2013-12-02
SKU-0000112,SP8822,1003,2013-01-02
SKU-0000113,SP8822,1002,2013-02-02
SKU-0000114,SP8822,1001,2013-03-02
SKU-0000115,SP8822,1001,2013-04-02
SKU-0000116,SP8822,1001,2013-05-02
SKU-0000117,SP8822,1009,2013-06-02
SKU-0000118,SP8822,1006,2013-07-02
SKU-0000119,SP8822,1006,2013-08-02
SKU-0000120,SP8822,1003,2013-09-02
SKU-0000121,SP8822,1004,2013-10-02
SKU-0000122,SP8822,1005,2013-11-02
SKU-0000123,SP8822,1006,2013-12-02
SKU-0000124,SP8822,1007,2013-01-02
SKU-0000125,SP8822,1003,2013-02-02
SKU-0000126,SP8822,1002,2013-03-02
SKU-0000127,SP8822,1009,2013-04-02
SKU-0000128,SP8822,1006,2013-05-02
SKU-0000129,P0761,1006,2013-06-02
SKU-0000130,SP8822,1003,2013-07-02
SKU-0000131,SP8822,1004,2013-08-02
SKU-0000132,SP8822,1005,2013-09-02
SKU-0000133,SP8822,1006,2013-10-02
SKU-0000134,SP8822,1007,2013-11-02
SKU-0000135,SP8822,1003,2013-12-02
SKU-0000136,A9990,1002,2013-01-09
SKU-0000137,A9990,1009,2013-01-10
SKU-0000138,A9990,1006,2013-02-11
SKU-0000139,V7654,1006,2013-03-12
SKU-0000140,V7654,1003,2013-03-13
SKU-0000141,A9990,1004,2013-03-14
SKU-0000142,A9990,1005,2013-04-15
SKU-0000143,A9990,1006,2013-04-16
SKU-0000144,V7654,1007,2013-05-17
SKU-0000145,V7654,1003,2013-05-18
SKU-0000146,A9990,1002,2013-05-19
SKU-0000147,A9990,1001,2013-06-20
SKU-0000148,A9990,1001,2013-07-21
SKU-0000149,V7654,1001,2013-07-22
SKU-0000150,V7654,1009,2013-09-23
SKU-0000151,V7654,1004,2013-10-24
SKU-0000152,A9990,1007,2013-11-25
SKU-0000153,V7654,1006,2013-11-26
SKU-0000154,A9990,1005,2013-11-27
SKU-0000155,SP8822,1009,2014-10-04
SKU-0000156,SP8822,1002,2014-01-01
SKU-0000157,SP8822,1003,2014-02-02
SKU-0000158,SP8822,1006,2014-03-03
SKU-0000159,SP8822,1004,2014-04-04
SKU-0000160,SP8822,1004,2014-05-04
SKU-0000161,SP8822,1007,2014-06-04
SKU-0000162,A9990,1004,2014-07-04
SKU-0000163,SP8822,1006,2014-08-04
SKU-0000164,SP8822,1005,2014-09-04
SKU-0000165,A9990,1003,2014-11-04
SKU-0000166,SP8822,1004,2014-11-04
SKU-0000167,SP8822,1003,2014-12-04
SKU-0000168,SP8822,1009,2014-12-04
SKU-0000169,A9990,1002,2015-01-02
SKU-0000170,SP8822,1001,2015-02-02
SKU-0000171,S6543,1002,2015-03-02
SKU-0000172,S6543,1002,2015-04-02
SKU-0000173,S6543,1004,2015-05-02
SKU-0000174,B7659,1002,2015-06-02
SKU-0000175,B7659,1002,2015-07-02
SKU-0000176,SP8822,1004,2015-08-02
SKU-0000177,SP8822,1002,2015-09-02
SKU-0000178,SP8822,1002,2015-10-02
SKU-0000179,SP8822,1004,2015-11-02
SKU-0000180,SP8822,1004,2015-12-02
SKU-0000181,SP8822,1004,2015-01-02
SKU-0000182,SP8822,1006,2015-02-02
SKU-0000183,SP8822,1007,2015-03-02
SKU-0000184,SP8822,1003,2015-04-02
SKU-0000185,SP8822,1002,2015-05-02
SKU-0000186,SP8822,1009,2015-06-02
SKU-0000187,SP8822,1006,2015-07-02
SKU-0000188,SP8822,1006,2015-08-02
SKU-0000189,SP8822,1003,2015-09-02
SKU-0000190,SP8822,1004,2015-10-02
SKU-0000191,SP8822,1005,2015-11-02
SKU-0000192,SP8822,1006,2015-12-02
SKU-0000193,R1296,1007,2014-01-01
SKU-0000194,R1296,1003,2014-02-01
SKU-0000195,V7654,1002,2014-03-01
SKU-0000196,A9990,1001,2014-04-01
SKU-0000197,SP8822,1001,2014-05-01
SKU-0000198,SP8822,1001,2014-06-01
SKU-0000199,SP8822,1009,2014-07-01
SKU-0000200,SP8822,1004,2014-08-01
SKU-0000201,R1296,1007,2014-09-01
SKU-0000202,V7654,1006,2014-10-01
SKU-0000203,SP8822,1005,2014-11-01
SKU-0000204,SP8822,1009,2014-12-01
SKU-0000205,SP8822,1002,2015-01-02
SKU-0000206,SP8822,1003,2015-02-02
SKU-0000207,SP8822,1006,2015-03-02
SKU-0000208,SP8822,1004,2015-04-02
SKU-0000209,SP8822,1004,2015-05-02
SKU-0000210,V7654,1007,2015-06-02
SKU-0000211,R1296,1004,2015-07-02
SKU-0000212,SP8822,1006,2015-08-02
SKU-0000213,A9990,1005,2015-09-02
SKU-0000214,SP8822,1003,2015-10-02
SKU-0000215,SP8822,1004,2015-11-02
SKU-0000216,SP8822,1003,2015-12-02
SKU-0000217,SP8822,1009,2014-01-01
SKU-0000218,SP8822,1002,2014-02-01
SKU-0000219,SP8822,1001,2014-03-01
SKU-0000220,SP8822,1002,2014-04-01
SKU-0000221,SP8822,1002,2014-05-01
SKU-0000222,SP8822,1004,2014-06-01
SKU-0000223,SP8822,1002,2014-07-01
SKU-0000224,V7654,1002,2014-08-01
SKU-0000225,R1296,1004,2014-09-01
SKU-0000226,A9990,1002,2014-10-01
SKU-0000227,SP8822,1002,2014-11-01
SKU-0000228,SP8822,1004,2014-12-01
SKU-0000229,SP8822,1004,2015-01-02
SKU-0000230,SP8822,1004,2015-02-02
SKU-0000231,SP8822,1006,2015-03-02
SKU-0000232,A9990,1007,2015-04-02
SKU-0000233,SP8822,1003,2015-05-02
SKU-0000234,R1296,1002,2015-06-02
SKU-0000235,SP8822,1009,2015-07-02
SKU-0000236,SP8822,1006,2015-08-02
SKU-0000237,A9990,1006,2015-09-02
SKU-0000238,SP8822,1003,2015-10-02
SKU-0000239,SP8822,1004,2015-11-02
SKU-0000240,SP8822,1005,2015-12-02
SKU-0000241,P0761,1006,2015-01-02
SKU-0000242,SA7761,1007,2015-02-02
SKU-0000243,P0761,1003,2015-03-02
SKU-0000244,SA7761,1002,2015-04-02
SKU-0000245,V7654,1001,2015-05-02
SKU-0000246,R1296,1001,2015-06-02
SKU-0000247,SP8822,1001,2015-07-02
SKU-0000248,A9990,1009,2015-08-02
SKU-0000249,SP8822,1004,2015-09-02
SKU-0000250,R1296,1007,2015-10-02
SKU-0000251,SP8822,1006,2015-11-02
SKU-0000252,SP8822,1005,2015-12-02
SKU-0000253,SP8821,1009,2015-01-02
SKU-0000254,SP8821,1002,2015-02-02
SKU-0000255,SP8821,1003,2015-03-02
SKU-0000256,SP8821,1006,2015-04-02
SKU-0000257,SP8821,1004,2015-05-02
SKU-0000258,SP8821,1004,2015-06-02
SKU-0000259,SP8821,1007,2015-07-02
SKU-0000260,SP8821,1004,2015-08-02
SKU-0000261,SP8821,1006,2015-09-02
SKU-0000262,SP8821,1005,2015-10-02
SKU-0000263,SP8821,1003,2015-11-02
SKU-0000264,SP8821,1004,2015-12-02
SKU-0000265,SP8821,1003,2015-01-02
SKU-0000266,SP8821,1009,2015-02-02
SKU-0000267,SP8821,1002,2015-03-02
SKU-0000268,SP8821,1001,2015-04-02
SKU-0000269,SP8821,1002,2015-05-02
SKU-0000270,SP8821,1002,2015-06-02
SKU-0000271,SP8821,1004,2015-07-02
SKU-0000272,SP8821,1002,2015-08-02
SKU-0000273,SP8821,1002,2015-09-02
SKU-0000274,SP8821,1004,2015-10-02
SKU-0000275,SP8821,1002,2015-11-02
SKU-0000276,SP8821,1002,2015-12-02
SKU-0000277,SP8821,1004,2015-01-02
SKU-0000278,SP8821,1004,2015-02-02
SKU-0000279,P0761,1004,2015-03-02
SKU-0000280,SP8821,1003,2015-04-02
SKU-0000281,S6543,1004,2015-05-02
SKU-0000282,P0761,1005,2015-06-02
SKU-0000283,S6543,1001,2015-07-02
SKU-0000284,S6543,1001,2015-08-02
SKU-0000285,S6543,1001,2015-09-02
SKU-0000286,SP8821,1009,2015-10-02
SKU-0000287,SP8821,1008,2015-11-02
SKU-0000288,SP8821,1007,2015-12-02
SKU-0000289,A9990,1009,2015-01-09
SKU-0000290,A9990,1009,2015-01-10
SKU-0000291,A9991,1003,2015-02-11
SKU-0000292,V7654,1004,2015-03-12
SKU-0000293,V7654,1005,2015-03-13
SKU-0000294,A9991,1006,2015-03-14
SKU-0000295,A9991,1007,2015-04-15
SKU-0000296,A9991,1004,2015-04-16
SKU-0000297,V7654,1002,2015-05-17
SKU-0000298,V7654,1002,2015-05-18
SKU-0000299,A9991,1001,2015-05-19
SKU-0000300,A9991,1002,2015-06-20
SKU-0000301,A9991,1004,2015-07-21
SKU-0000302,V7654,1002,2015-07-22
SKU-0000303,V7654,1003,2015-09-23
SKU-0000304,V7654,1003,2015-10-24
SKU-0000305,A9991,1002,2015-11-25
SKU-0000306,V7654,1004,2015-11-26
SKU-0000307,A9991,1001,2015-11-27
SKU-0000308,R1296,1009,2014-10-04
SKU-0000309,R1296,1002,2014-10-04
SKU-0000310,R1296,1001,2014-01-01
SKU-0000311,R1296,1002,2014-02-02
SKU-0000312,R1296,1002,2014-03-03
SKU-0000313,R1296,1002,2014-04-04
SKU-0000314,R1296,1002,2014-05-04
SKU-0000315,R1296,1009,2014-06-04
SKU-0000316,R1296,1001,2014-07-04
SKU-0000317,R1296,1003,2014-08-04
SKU-0000318,R1296,1004,2014-09-04
SKU-0000319,R1296,1005,2014-11-04
SKU-0000320,R1296,1009,2014-11-04
SKU-0000321,R1296,1002,2014-12-04
SKU-0000322,R1296,1001,2014-12-04
SKU-0000323,R1296,1005,2015-01-02
SKU-0000324,R1296,1002,2015-02-02
SKU-0000325,R1298,1002,2015-03-02
SKU-0000326,R1298,1001,2015-04-02
SKU-0000327,R1298,1001,2015-05-02
SKU-0000328,R1296,1001,2015-06-02
SKU-0000329,R1296,1001,2015-07-02
SKU-0000330,R1296,1001,2015-08-02
SKU-0000331,R1296,1001,2015-09-02
SKU-0000332,R1296,1001,2015-10-02
SKU-0000333,R1296,1001,2015-11-02
SKU-0000334,R1296,1001,2015-12-02
SKU-0000335,R1296,1005,2015-01-02
SKU-0000336,R1296,1002,2015-02-02
SKU-0000337,R1296,1009,2015-03-02
SKU-0000338,R1296,1001,2015-04-02
SKU-0000339,R1296,1003,2015-05-02
SKU-0000340,R1296,1004,2015-06-02
SKU-0000341,R1296,1005,2015-07-02
SKU-0000342,R1296,1009,2015-08-02
SKU-0000343,R1296,1002,2015-09-02
SKU-0000344,R1296,1001,2015-10-02
SKU-0000345,R1296,1005,2015-11-02
SKU-0000346,R1295,1002,2015-12-02
SKU-0000347,R1295,1002,2014-01-01
SKU-0000348,R1295,1001,2014-02-01
SKU-0000349,R1295,1001,2014-03-01
SKU-0000350,R1297,1001,2014-04-01
SKU-0000351,R1295,1001,2014-05-01
SKU-0000352,R1295,1001,2014-06-01
SKU-0000353,R1295,1001,2014-07-01
SKU-0000354,R1295,1001,2014-08-01
SKU-0000355,R1295,1001,2014-09-01
SKU-0000356,R1297,1001,2014-10-01
SKU-0000357,R1297,1005,2014-11-01
SKU-0000358,R1297,1002,2014-12-01
SKU-0000359,R1297,1009,2015-01-02
SKU-0000360,R1297,1001,2015-02-02
SKU-0000361,R1297,1003,2015-03-02
SKU-0000362,R1297,1004,2015-04-02
SKU-0000363,R1297,1005,2015-05-02
SKU-0000364,R1297,1009,2015-06-02
SKU-0000365,R1295,1002,2015-07-02
SKU-0000366,R1295,1001,2015-08-02
SKU-0000367,R1295,1005,2015-09-02
SKU-0000368,R1298,1002,2015-10-02
SKU-0000369,R1295,1002,2015-11-02
SKU-0000370,R1295,1001,2015-12-02
SKU-0000371,R1298,1001,2014-01-01
SKU-0000372,R1295,1001,2014-02-01
SKU-0000373,R1295,1001,2014-03-01
SKU-0000374,R1295,1001,2014-04-01
SKU-0000375,R1295,1001,2014-05-01
SKU-0000376,R1295,1001,2014-06-01
SKU-0000377,R1295,1001,2014-07-01
SKU-0000378,R1295,1001,2014-08-01
SKU-0000379,R1295,1005,2014-09-01
SKU-0000380,R1295,1002,2014-10-01
SKU-0000381,R1295,1009,2014-11-01
SKU-0000382,R1295,1001,2014-12-01
SKU-0000383,R1295,1003,2015-01-02
SKU-0000384,R1295,1004,2015-02-02
SKU-0000385,R1295,1005,2015-03-02
SKU-0000386,R1295,1009,2015-04-02
SKU-0000387,R1295,1002,2015-05-02
SKU-0000388,R1295,1001,2015-06-02
SKU-0000389,R1295,1005,2015-07-02
SKU-0000390,R1295,1002,2015-08-02
SKU-0000391,R1295,1002,2015-09-02
SKU-0000392,R1295,1001,2015-10-02
SKU-0000393,R1295,1001,2015-11-02
SKU-0000394,R1295,1001,2015-12-02
SKU-0000395,R1295,1001,2015-02-02
SKU-0000396,R1295,1001,2015-04-02
SKU-0000397,R1295,1001,2015-05-02
SKU-0000398,R1295,1001,2015-06-02
SKU-0000399,R1295,1001,2015-07-02
SKU-0000400,R1298,1001,2015-08-02
SKU-0000401,R1295,1005,2015-09-02
SKU-0000402,R1298,1001,2015-10-02
SKU-0000403,R1295,1004,2015-11-02
SKU-0000404,R1298,1001,2015-12-02
SKU-0000405,R1298,1002,2015-01-02
SKU-0000406,R1298,1002,2015-02-02
SKU-0000407,R1298,1001,2015-03-02
SKU-0000408,R1298,1001,2015-04-02
SKU-0000409,R1295,1009,2015-05-02
SKU-0000410,R1295,1006,2015-06-02
SKU-0000411,R1295,1007,2015-07-02
SKU-0000412,R1295,1006,2015-08-02
SKU-0000413,R1295,1005,2015-09-02
SKU-0000414,R1295,1005,2015-10-02
SKU-0000415,R1295,1005,2015-11-02
SKU-0000416,R1295,1005,2015-12-02
SKU-0000417,R1295,1005,2015-01-02
SKU-0000418,R1295,1005,2015-02-02
SKU-0000419,R1295,1005,2015-03-02
SKU-0000420,R1295,1005,2015-04-02
SKU-0000421,R1295,1005,2015-05-02
SKU-0000422,R1295,1005,2015-06-02
SKU-0000423,R1295,1005,2015-07-02
SKU-0000424,R1295,1008,2015-08-02
SKU-0000425,R1295,1008,2015-09-02
SKU-0000426,R1295,1008,2015-10-02
SKU-0000427,R1295,1008,2015-11-02
SKU-0000428,R1295,1008,2015-12-02
SKU-0000429,R1295,1008,2015-01-02
SKU-0000430,R1295,1009,2015-02-02
SKU-0000431,R1295,1006,2015-03-02
SKU-0000432,R1297,1006,2015-05-02
SKU-0000433,R1297,1003,2015-07-02
SKU-0000434,R1297,1004,2015-08-02
SKU-0000435,R1297,1005,2015-09-02
SKU-0000436,R1295,1006,2015-10-02
SKU-0000437,R1295,1007,2015-11-02
SKU-0000438,R1295,1003,2015-12-02
SKU-0000439,R1295,1002,2015-01-09
SKU-0000440,R1295,1002,2015-01-10
SKU-0000441,R1295,1002,2015-02-11
SKU-0000442,R1295,1002,2015-03-12
SKU-0000443,R1295,1002,2015-03-13
SKU-0000444,R1295,1006,2015-03-14
SKU-0000445,R1295,1002,2015-04-15
SKU-0000446,R1295,1007,2015-04-16
SKU-0000447,R1295,1002,2015-05-17
SKU-0000448,R1295,1002,2015-05-18
SKU-0000449,R1295,1002,2015-05-19
SKU-0000450,R1295,1002,2015-06-20
SKU-0000451,R1295,1002,2015-07-21
SKU-0000452,R1295,1007,2015-07-22
SKU-0000453,R1295,1002,2015-09-23
SKU-0000454,R1295,1002,2015-10-24
SKU-0000455,R1295,1008,2015-11-25
SKU-0000456,R1295,1002,2015-11-26
SKU-0000457,R1295,1002,2015-11-27
